A8N5232360711,680,2025-08-21T18:14:40,1,FLASK,2025-08-24T07:03:04.912709
A8N5232360711,680,2025-08-21T18:15:45,1,FLASK,2025-08-24T07:03:04.913399
A8N5232360711,1307,2025-08-21T18:15:54,1,FLASK,2025-08-24T07:03:04.913874
A8N5232360711,788,2025-08-21T18:16:30,1,FLASK,2025-08-24T07:03:04.914317
A8N5232360711,788,2025-08-21T18:16:31,1,FLASK,2025-08-24T07:03:04.914758
A8N5232360711,958,2025-08-21T18:16:42,1,FLASK,2025-08-24T07:03:04.915198
A8N5232360711,788,2025-08-24T08:57:33,1,FLASK,2025-08-24T07:03:04.915631
A8N5232360711,958,2025-08-24T08:57:38,1,FLASK,2025-08-24T07:03:04.916068
A8N5232360711,681,2025-08-24T09:18:08,1,FLASK,2025-08-24T07:03:04.916507
A8N5232360711,1307,2025-08-24T09:34:38,1,FLASK,2025-08-24T07:03:04.917636
A8N5232360711,439,2025-08-24T10:00:12,1,FLASK,2025-08-24T07:03:04.918065
